{
    "acc_bias": [
        -0.08234,
        0.07268,
        -0.03341
    ],
    "acc_scale": [
        1.001,
        0.9988,
        0.9944
    ],
    "device_class": "controller",
    "device_pid": 8210,
    "device_serial_number": "LHR-FF7B5B45",
    "device_vid": 10462,
    "gyro_bias": [
        -0.007236,
        0.02593,
        0.006114
    ],
    "gyro_scale": [
        1.0,
        1.0,
        1.0
    ],
    "htcComposeTime": "2016-07-29 18:03:44.477000",
    "lighthouse_config": {
        "channelMap": [
            0,
            1,
            2,
            3,
            4,
            5,
            6,
            7,
            8,
            9,
            10,
            11,
            12,
            13,
            14,
            15,
            16,
            17,
            18,
            19,
            20,
            21,
            22,
            23
        ],
        "modelNormals": [
            [
                -0.5913480520248413,
                0.31871703267097473,
                -0.7407610416412354
            ],
            [
                -0.7573763728141785,
                0.4692562520503998,
                -0.45407021045684814
            ],
            [
                -0.777337908744812,
                0.5316529273986816,
                -0.3362899720668793
            ],
            [
                -0.4884379506111145,
                0.8437519073486328,
                0.22251096367835999
            ],
            [
                0.7505170106887817,
                0.5302649736404419,
                -0.3943899869918823
            ],
            [
                -0.7505170106887817,
                0.5302649736404419,
                -0.3943899869918823
            ],
            [
                0,
                0.9245688915252686,
                0.38101494312286377
            ],
            [
                0.4884379506111145,
                0.8437519073486328,
                0.22251096367835999
            ],
            [
                0.777337908744812,
                0.5316529273986816,
                -0.3362899720668793
            ],
            [
                0.7573763728141785,
                0.4692562520503998,
                -0.45407021045684814
            ],
            [
                0.5913480520248413,
                0.31871703267097473,
                -0.7407610416412354
            ],
            [
                -0.5849689841270447,
                -0.8044440150260925,
                0.10334999859333038
            ],
            [
                0.01920900121331215,
                -0.6634160876274109,
                -0.7480040788650513
            ],
            [
                -0.6286242008209229,
                -0.6735491752624512,
                0.3887970745563507
            ],
            [
                0.09504295885562897,
                0.4070657789707184,
                0.9084405899047852
            ],
            [
                -0.4120441973209381,
                -0.5367212295532227,
                0.7363083362579346
            ],
            [
                0.6496122479438782,
                -0.5894832611083984,
                -0.48011818528175354
            ],
            [
                0,
                -0.4897621273994446,
                0.871856153011322
            ],
            [
                -0.6496122479438782,
                -0.5894832611083984,
                -0.48011818528175354
            ],
            [
                0.4120441973209381,
                -0.5367212295532227,
                0.7363083362579346
            ],
            [
                -0.09504295885562897,
                0.4070657789707184,
                0.9084405899047852
            ],
            [
                0.6286242008209229,
                -0.6735491752624512,
                0.3887970745563507
            ],
            [
                -0.01920900121331215,
                -0.6634160876274109,
                -0.7480040788650513
            ],
            [
                0.5849689841270447,
                -0.8044440150260925,
                0.10334999859333038
            ]
        ],
        "modelPoints": [
            [
                -0.03383537381887436,
                0.07121811807155609,
                -0.021999694406986237
            ],
            [
                -0.036212339997291565,
                0.08972789347171783,
                -0.0078101991675794125
            ],
            [
                -0.052615560591220856,
                0.07582858949899673,
                0.008028675802052021
            ],
            [
                -0.027207933366298676,
                0.10271488130092621,
                0.03217405453324318
            ],
            [
                -0.029333550482988358,
                0.09452633559703827,
                0.0006094644777476788
            ],
            [
                0.029460040852427483,
                0.09445542842149734,
                0.0006066880305297673
            ],
            [
                7.172620826167986e-05,
                0.11078101396560669,
                0.03161841258406639
            ],
            [
                0.027237258851528168,
                0.10270164161920547,
                0.032183244824409485
            ],
            [
                0.052623387426137924,
                0.07570838928222656,
                0.007908549159765244
            ],
            [
                0.03630572929978371,
                0.0896025225520134,
                -0.007931480184197426
            ],
            [
                0.03378112614154816,
                0.0711667388677597,
                -0.022047122940421104
            ],
            [
                -0.031233783811330795,
                0.06528998911380768,
                -0.016626831144094467
            ],
            [
                -0.04570159688591957,
                0.06458304077386856,
                -0.0028924744110554457
            ],
            [
                -0.051894254982471466,
                0.06746547669172287,
                0.015241162851452827
            ],
            [
                -0.04568488150835037,
                0.0770748034119606,
                0.01973251812160015
            ],
            [
                -0.03049211949110031,
                0.09320809692144394,
                0.03065427392721176
            ],
            [
                -0.015314287506043911,
                0.08403921127319336,
                0.02241378277540207
            ],
            [
                -6.205222598509863e-05,
                0.05582066997885704,
                -0.014270440675318241
            ],
            [
                0.01526623498648405,
                0.08421559631824493,
                0.022196875885128975
            ],
            [
                0.030841747298836708,
                0.09308715164661407,
                0.030534790828824043
            ],
            [
                0.04609021171927452,
                0.07761510461568832,
                0.01981729455292225
            ],
            [
                0.05177607759833336,
                0.06756480038166046,
                0.015427188947796822
            ],
            [
                0.045416463166475296,
                0.06452824920415878,
                -0.002993861446157098
            ],
            [
                0.030875468626618385,
                0.06508130580186844,
                -0.016491157934069633
            ]
        ]
    },
    "manufacturer": "HTC",
    "mb_serial_number": "42FM166Y00235",
    "model_number": "Vive Controller MV",
    "render_model": "vr_controller_vive_1_5",
    "revision": 1,