{
    "device": {
        "eye_target_height_in_pixels": 1600,
        "eye_target_width_in_pixels": 1440,
        "first_eye": "eEYE_LEFT",
        "last_eye": "eEYE_RIGHT",
        "num_windows": 1,
        "persistence": 0.011110999621450901,
        "physical_aspect_x_over_y": 0.8999999761581421
    },
    "device_class": "hmd",
    "device_pid": 8960,
    "device_serial_number": "LHR-F87C4E07",
    "device_vid": 10462,
    "direct_mode_edid_pid": 43522,
    "direct_mode_edid_vid": 53794,
    "display_edid": [
        "",
        ""
    ],
    "display_gc": {
        "black_clamp": 0.0117647061124444
    },
    "display_mc": {
        "left": "Green_4BPA184J001682_mura_analyzes.mc",
        "offset": -0.49803921580314636,
        "right": "Green_4BNA184J002630_mura_analyzes.mc",
        "scale": 0.125,
        "type": 1
    },
    "head": {
        "plus_x": [
            -1,
            0,
            0
        ],
        "plus_z": [
            0,
            0,
            -1
        ],
        "position": [
            -9.99999993922529e-09,
            0,
            -0.02163054794073105
        ]
    },
    "htcComposeTime": "2018-05-04 03:55:36.887000",
    "imu": {
        "acc_bias": [
            0.09067,
            0.02894,
            -0.03393
        ],
        "acc_scale": [
            0.999,
            0.9996,
            0.9986
        ],
        "gyro_bias": [
            -0.003914,
            0.004561,
            -0.005065
        ],
        "gyro_scale": [
            1.0,
            1.0,
            1.0
        ],
        "plus_x": [
            1,
            0,
            0
        ],
        "plus_z": [
            0,
            0,
            1
        ],
        "position": [
            0.01348728034645319,
            0.01901238039135933,
            0.04510498046875
        ]
    },
    "l_revision": 3385,
    "lighthouse_config": {
        "channelMap": [
            0,
            1,
            2,
            3,
            4,
            5,
            6,
            7,
            8,
            9,
            10,
            11,
            12,
            13,
            14,
            15,
            16,
            17,
            18,
            19,
            20,
            21,
            22,
            23,
            24,
            25,
            26,
            27,
            28,
            29,
            30,
            31
        ],
        "modelNormals": [
            [
                -0.9160568714141846,
                -0.221717968583107,
                -0.33418697118759155
            ],
            [
                -0.8395431637763977,
                -0.3784070909023285,
                -0.38984009623527527
            ],
            [
                -0.9841577410697937,
                -0.12382596731185913,
                -0.12688897550106049
            ],
            [
                -0.5945847034454346,
                -0.20033690333366394,
                0.7786746621131897
            ],
            [
                -0.5172799229621887,
                -0.823249876499176,
                -0.2338399738073349
            ],
            [
                -0.4268380105495453,
                -0.4614129960536957,
                0.777758002281189
            ],
            [
                -0.46672800183296204,
                -0.8824229836463928,
                0.05911700055003166
            ],
            [
                -0.09325094521045685,
                -0.5597506165504456,
                0.8233975172042847
            ],
            [
                0.09325094521045685,
                -0.5597506165504456,
                0.8233975172042847
            ],
            [
                0.46672800183296204,
                -0.8824229836463928,
                0.05911700055003166
            ],
            [
                0.4268380105495453,
                -0.4614129960536957,
                0.777758002281189
            ],
            [
                0.5172799229621887,
                -0.823249876499176,
                -0.2338399738073349
            ],
            [
                0.5945847034454346,
                -0.20033690333366394,
                0.7786746621131897
            ],
            [
                0.9841577410697937,
                -0.12382596731185913,
                -0.12688897550106049
            ],
            [
                0.8395431637763977,
                -0.3784070909023285,
                -0.38984009623527527
            ],
            [
                0.9160568714141846,
                -0.221717968583107,
                -0.33418697118759155
            ],
            [
                -0.09325094521045685,
                0.5597506165504456,
                0.8233975172042847
            ],
            [
                -0.46672800183296204,
                0.8824229836463928,
                0.05911700055003166
            ],
            [
                -0.4268380105495453,
                0.4614129960536957,
                0.777758002281189
            ],
            [
                -0.5816779136657715,
                0.7789269089698792,
                -0.23435796797275543
            ],
            [
                -0.8395431637763977,
                0.3784070909023285,
                -0.38984009623527527
            ],
            [
                -0.9841577410697937,
                0.12382596731185913,
                -0.12688897550106049
            ],
            [
                -0.5945847034454346,
                0.20033690333366394,
                0.7786746621131897
            ],
            [
                -0.6011760234832764,
                0.03613999858498573,
                0.7982990145683289
            ],
            [
                0.6011760234832764,
                0.03613999858498573,
                0.7982990145683289
            ],
            [
                0.5945847034454346,
                0.20033690333366394,
                0.7786746621131897
            ],
            [
                0.9841577410697937,
                0.12382596731185913,
                -0.12688897550106049
            ],
            [
                0.8395431637763977,
                0.3784070909023285,
                -0.38984009623527527
            ],
            [
                0.5816779136657715,
                0.7789269089698792,
                -0.23435796797275543
            ],
            [
                0.4268380105495453,
                0.4614129960536957,
                0.777758002281189
            ],
            [
                0.46672800183296204,
                0.8824229836463928,
                0.05911700055003166
            ],
            [
                0.09325094521045685,
                0.5597506165504456,
                0.8233975172042847
            ]
        ],