{
   "base_stations" : [
      {
         "config" : {
            "baseCalibration" : [
               -0.05029296875,
               0,
               0.08526611328125,
               0.6298828125,
               -0.00054597854614257813,
               1.296875,
               -0.2108154296875,
               0.045989990234375,
               -0.00411224365234375,
               0.429931640625,
               0.88427734375,
               -0.0016412734985351563,
               1.8310546875,
               -0.168212890625
            ],
            "modelId" : 15,
            "ootxVersion" : 8,
            "serialNumber" : 1191037963
         },
         "dynamic_states" : [
            {
               "dynamic_state" : {
                  "basestation_mode" : 4,
                  "faults" : 0,
                  "firmware_version" : 3008,
                  "gravity_vector" : [ 0.155696526, -0.823894083, 0.544937849 ],
                  "nonce" : 57061,
                  "reset_count" : 1,
                  "sobChannel" : 2
               },
               "first_id" : 1,
               "last_id" : 1,
               "tilt" : {
                  "pitch" : 2.44324565,
                  "roll" : -0.593313813,
                  "variance" : 9.97465759e-05
               },
               "time_last_seen" : "1613751505"
            },
            {
               "dynamic_state" : {
                  "basestation_mode" : 4,
                  "faults" : 0,
                  "firmware_version" : 3008,
                  "gravity_vector" : [ 0.148297638, -0.818860829, 0.554504156 ],
                  "nonce" : 42343,
                  "reset_count" : 1,
                  "sobChannel" : 2
               },
               "first_id" : 1,
               "last_id" : 1,
               "tilt" : {
                  "pitch" : 2.45058751,
                  "roll" : -0.581668794,
                  "variance" : 5.80613596e-05
               },
               "time_last_seen" : "1623851541"
            }
         ]
      },
      {
         "config" : {
            "baseCalibration" : [
               -0.052032470703125,
               0,
               -0.016632080078125,
               0.92919921875,
               0.00725555419921875,
               1.244140625,
               -0.6201171875,
               0.048095703125,
               -0.005023956298828125,
               0.26318359375,
               1.9306640625,
               0.006683349609375,
               1.78515625,
               -0.646484375
            ],
            "modelId" : 15,
            "ootxVersion" : 8,
            "serialNumber" : 2864258488
         },
         "dynamic_states" : [
            {
               "dynamic_state" : {
                  "basestation_mode" : 4,
                  "faults" : 0,
                  "firmware_version" : 3008,
                  "gravity_vector" : [ 0, -0.890182078, 0.455605 ],
                  "nonce" : 46848,
                  "reset_count" : 1,
                  "sobChannel" : 4
               },
               "first_id" : 1,
               "last_id" : 1,
               "tilt" : {
                  "pitch" : 2.70230389,
                  "roll" : -0.0243444052,
                  "variance" : 0.000881259097
               },
               "time_last_seen" : "1613751491"
            },
            {
               "dynamic_state" : {
                  "basestation_mode" : 4,
                  "faults" : 0,
                  "firmware_version" : 3008,
                  "gravity_vector" : [ 0.00705363136, -0.8958112, 0.444378793 ],
                  "nonce" : 63886,
                  "reset_count" : 1,
                  "sobChannel" : 4
               },
               "first_id" : 1,
               "last_id" : 1,
               "tilt" : {
                  "pitch" : 2.70183086,
                  "roll" : -0.0609376691,
                  "variance" : 4.32288789e-06
               },
               "time_last_seen" : "1623851541"
            }
         ]
      },
      {
         "config" : {
            "baseCalibration" : [
               -0.0439453125,
               0,
               0.1964111328125,
               1.736328125,
               -0.006076812744140625,
               2.203125,
               0.1414794921875,
               0.048065185546875,
               -0.00405120849609375,
               0.094482421875,
               2.19921875,
               -0.005847930908203125,
               3.068359375,
               0.2802734375
            ],
            "modelId" : 14,
            "ootxVersion" : 8,
            "serialNumber" : 2963318063
         },
         "dynamic_states" : [
            {
               "dynamic_state" : {
                  "basestation_mode" : 4,
                  "faults" : 0,
                  "firmware_version" : 3008,
                  "gravity_vector" : [ -0.0292853713, 0.66770649, 0.743848443 ],
                  "nonce" : 14380,
                  "reset_count" : 1,
                  "sobChannel" : 3
               },
               "first_id" : 1,
               "last_id" : 1,
               "tilt" : {
                  "pitch" : 0.860253632,
                  "roll" : 0.0410586931,
                  "variance" : 1.1866282e-05
               },
               "time_last_seen" : "1613751505"
            },
            {
               "dynamic_state" : {
                  "basestation_mode" : 4,
                  "faults" : 0,
                  "firmware_version" : 3008,
                  "gravity_vector" : [ -0.0290570036, 0.674122453, 0.738047898 ],
                  "nonce" : 26912,
                  "reset_count" : 1,
                  "sobChannel" : 3
               },
               "first_id" : 1,
               "last_id" : 1,
               "tilt" : {
                  "pitch" : 0.824724734,
                  "roll" : 0.0145088341,
                  "variance" : 4.15213799e-05
               },
               "time_last_seen" : "1623851541"
            }
         ]
      },
      {
         "config" : {
            "baseCalibration" : [
               -0.04803466796875,
               0,
               0.036895751953125,
               0.56640625,
               0.00510406494140625,
               1.0146484375,
               -0.445556640625,
               0.0443115234375,
               0.0023670196533203125,
               0.71728515625,
               1.705078125,
               0.0036640167236328125,
               1.5654296875,
               -0.473876953125
            ],
            "modelId" : 14,
            "ootxVersion" : 8,
            "serialNumber" : 3476837629
         },
         "dynamic_states" : [
            {
               "dynamic_state" : {
                  "basestation_mode" : 4,
                  "faults" : 0,
                  "firmware_version" : 3008,
                  "gravity_vector" : [ -0.0214823447, -0.909419298, 0.415325344 ],
                  "nonce" : 28971,
                  "reset_count" : 1,
                  "sobChannel" : 1
               },
               "first_id" : 1,
               "last_id" : 1,
               "tilt" : {
                  "pitch" : 2.67688346,
                  "roll" : -0.00488180481,
                  "variance" : 5.35587014e-06
               },
               "time_last_seen" : "1613751505"
            },
            {
               "dynamic_state" : {
                  "basestation_mode" : 4,
                  "faults" : 0,
                  "firmware_version" : 3008,
                  "gravity_vector" : [ -0.0142806154, -0.906819105, 0.421278149 ],
                  "nonce" : 28562,
                  "reset_count" : 1,
                  "sobChannel" : 1
               },
               "first_id" : 1,
               "last_id" : 1,
               "tilt" : {
                  "pitch" : 2.67689013,
                  "roll" : -0.000171401,
                  "variance" : 8.36265008e-06
               },