{
   "base_stations" : [
      {
         "config" : {
            "baseCalibration" : [
               -0.05029296875,
               0,
               0.08526611328125,
               0.6298828125,
               -0.00054597854614257813,
               1.296875,
               -0.2108154296875,
               0.045989990234375,
               -0.00411224365234375,
               0.429931640625,
               0.88427734375,
               -0.0016412734985351563,
               1.8310546875,
               -0.168212890625
            ],
            "modelId" : 15,
            "ootxVersion" : 8,
            "serialNumber" : 1191037963
         },
         "dynamic_states" : [
            {
               "dynamic_state" : {
                  "basestation_mode" : 4,
                  "faults" : 0,
                  "firmware_version" : 3008,
                  "gravity_vector" : [ 0.148297638, -0.818860829, 0.554504156 ],
                  "nonce" : 42343,
                  "reset_count" : 1,
                  "sobChannel" : 2
               },
               "first_id" : 1,
               "last_id" : 1,
               "tilt" : {
                  "pitch" : 2.46744728,
                  "roll" : -0.54041028,
                  "variance" : 0.000254403858
               },
               "time_last_seen" : "1624542068"
            }
         ]
      },
      {
         "config" : {
            "baseCalibration" : [
               -0.052032470703125,
               0,
               -0.016632080078125,
               0.92919921875,
               0.00725555419921875,
               1.244140625,
               -0.6201171875,
               0.048095703125,
               -0.005023956298828125,
               0.26318359375,
               1.9306640625,
               0.006683349609375,
               1.78515625,
               -0.646484375
            ],
            "modelId" : 15,
            "ootxVersion" : 8,
            "serialNumber" : 2864258488
         },
         "dynamic_states" : [
            {
               "dynamic_state" : {
                  "basestation_mode" : 4,
                  "faults" : 0,
                  "firmware_version" : 3008,
                  "gravity_vector" : [ 0.00705363136, -0.8958112, 0.444378793 ],
                  "nonce" : 63886,
                  "reset_count" : 1,
                  "sobChannel" : 4
               },
               "first_id" : 1,
               "last_id" : 1,
               "tilt" : {
                  "pitch" : 2.70056987,
                  "roll" : -0.0656072646,
                  "variance" : 4.50561538e-06
               },
               "time_last_seen" : "1624542068"
            }
         ]
      },
      {
         "config" : {
            "baseCalibration" : [
               -0.0439453125,
               0,
               0.1964111328125,
               1.736328125,
               -0.006076812744140625,
               2.203125,
               0.1414794921875,
               0.048065185546875,
               -0.00405120849609375,
               0.094482421875,
               2.19921875,
               -0.005847930908203125,
               3.068359375,
               0.2802734375
            ],
            "modelId" : 14,
            "ootxVersion" : 8,
            "serialNumber" : 2963318063
         },
         "dynamic_states" : [
            {
               "dynamic_state" : {
                  "basestation_mode" : 4,
                  "faults" : 0,
                  "firmware_version" : 3008,
                  "gravity_vector" : [ -0.0290570036, 0.674122453, 0.738047898 ],
                  "nonce" : 26912,
                  "reset_count" : 1,
                  "sobChannel" : 3
               },
               "first_id" : 1,
               "last_id" : 1,
               "tilt" : {
                  "pitch" : 0.824355245,
                  "roll" : 0.0160005894,
                  "variance" : 9.9920635e-07
               },
               "time_last_seen" : "1624542068"
            }
         ]
      },
      {
         "config" : {
            "baseCalibration" : [
               -0.04803466796875,
               0,
               0.036895751953125,
               0.56640625,
               0.00510406494140625,
               1.0146484375,
               -0.445556640625,
               0.0443115234375,
               0.0023670196533203125,
               0.71728515625,
               1.705078125,
               0.0036640167236328125,
               1.5654296875,
               -0.473876953125
            ],
            "modelId" : 14,
            "ootxVersion" : 8,
            "serialNumber" : 3476837629
         },
         "dynamic_states" : [
            {
               "dynamic_state" : {
                  "basestation_mode" : 4,
                  "faults" : 0,
                  "firmware_version" : 3008,
                  "gravity_vector" : [ -0.0142806154, -0.906819105, 0.421278149 ],
                  "nonce" : 28562,
                  "reset_count" : 1,
                  "sobChannel" : 1
               },
               "first_id" : 1,
               "last_id" : 1,
               "tilt" : {
                  "pitch" : 0,
                  "roll" : 0,
                  "variance" : 39.4784203
               },
               "time_last_seen" : "1624542033"
            }
         ]
      }
   ],
   "known_objects" : [
      {
         "deviceClass" : "controller",
         "serialNumber" : "LHR-37AF22CA"
      },
      {
         "deviceClass" : "controller",
         "imu" : {
            "acc_bias" : [ 0.0248236544, -0.018540848, -0.0478469096 ],
            "acc_scale" : [ 1.00257945, 1.00454032, 1.00542021 ],
            "gyro_bias" : [ -0.0192632936, 0.0096937418, -0.00885107554 ]
         },
         "serialNumber" : "LHR-7E424BE7"
      },
      {
         "deviceClass" : "hmd",
         "imu" : {
            "acc_bias" : [ 0.147667274, 0.0441223234, -0.12084493 ],
            "acc_scale" : [ 0.997953892, 0.999471962, 0.984912992 ],
            "gyro_bias" : [ -0.00244625239, 0.000924121588, -0.0139697688 ]
         },
         "serialNumber" : "LHR-C085B725"
      },
      {
         "deviceClass" : "controller",
         "imu" : {
            "acc_bias" : [ 0.00786786061, -0.0355142616, 0.850792885 ],
            "acc_scale" : [ 1.00558889, 1.00528586, 1.01963949 ],
            "gyro_bias" : [ 0.0183272492, 0.00138156966, -0.0180109665 ]
         },
         "serialNumber" : "LHR-F458F7DE"
      },
      {
         "deviceClass" : "hmd",
         "imu" : {
            "acc_bias" : [ 0.114009529, -0.0212743878, -0.213256568 ],
            "acc_scale" : [ 0.997107267, 0.993882477, 0.99608022 ],
            "gyro_bias" : [ -0.00364477863, 0.0130157555, -0.0125140278 ]
         },
         "serialNumber" : "LHR-F87C4E07"
      },
      {
         "deviceClass" : "controller",
         "serialNumber" : "LHR-FF7B5B45"
      },
      {
         "deviceClass" : "controller",
         "serialNumber" : "LHR-FFDFBD46"
      }
   ],
   "known_universes" : [
      {
         "base_stations" : [
            {
               "base_serial_number" : 1191037963,
               "target_pose" : {
                  "pose" : [ 0.04993077, -0.852003396, 0.508632958, 0.113532804, 5.52811241, -3.53221631, -6.24510765 ],
                  "target_serial_number" : 0,
                  "variance" : 7.01953031e-05
               }
            },
            {
               "base_serial_number" : 2864258488,
               "target_pose" : {
                  "pose" : [ 0, 0, 0, 1, 0, 0, 0 ],
                  "target_serial_number" : 0,
                  "variance" : 0
               }
            },
            {
               "base_serial_number" : 2963318063,
               "target_pose" : {
                  "pose" : [ -0.808504462, -0.00866415724, -0.000985231483, 0.588425398, -0.461817175, 4.02311134, -3.90828013 ],
                  "target_serial_number" : 0,