{
    "device_class": "controller",
    "device_pid": 8960,
    "device_serial_number": "LHR-7E424BE7",
    "device_vid": 10462,
    "firmware_config": {
        "bwd_config": "0x392B",
        "charge_current_low_temp_ma": 256,
        "charge_current_ma": 512,
        "charge_current_nominal_ac_ma": 768,
        "charge_current_nominal_usb_ma": 512,
        "charge_term_current_ma": 128,
        "charge_voltage_limit_mv": 4400,
        "charging_low_temp_threshold_c": 10,
        "mode": "controller",
        "radio": true,
        "recharge_voltage_mv": 100,
        "sensor_env_on_pin_a": 0,
        "spi_flash": false,
        "sys_min_voltage_mv": 3500,
        "trackpad": true,
        "trigger": true,
        "trigger_adc_max": 3900,
        "trigger_adc_min": 300,
        "trigger_adc_zero": 400,
        "vrc": true
    },
    "head": {
        "plus_x": [
            -1.0000000200830783,
            0,
            0
        ],
        "plus_z": [
            0,
            -0.9986295408346209,
            -0.05233604213714926
        ],
        "position": [
            0,
            0.07100000232458115,
            -0.03099999949336052
        ]
    },
    "htcComposeTime": "2018-03-22 00:48:36.899000",
    "imu": {
        "acc_bias": [
            -0.1179,
            0.0353,
            -0.1252
        ],
        "acc_scale": [
            1,
            1.001,
            0.9975
        ],
        "gyro_bias": [
            -0.01516,
            0.002989,
            -0.01644
        ],
        "gyro_scale": [
            1.0,
            1.0,
            1.0
        ],
        "plus_x": [
            1,
            0,
            0
        ],
        "plus_z": [
            0,
            0,
            1
        ],
        "position": [
            -0.006630099844187498,
            -0.05046970024704933,
            -0.023625019937753677
        ]
    },
    "lighthouse_config": {
        "channelMap": [
            0,
            1,
            2,
            3,
            4,
            5,
            6,
            7,
            8,
            9,
            10,
            11,
            12,
            13,
            14,
            15,
            16,
            17,
            18,
            19,
            20,
            21,
            22,
            23
        ],
        "modelNormals": [
            [
                -0.5913480520248413,
                0.31871703267097473,
                -0.7407610416412354
            ],
            [
                -0.7573763728141785,
                0.4692562520503998,
                -0.45407021045684814
            ],
            [
                -0.777337908744812,
                0.5316529273986816,
                -0.3362899720668793
            ],
            [
                -0.4884379506111145,
                0.8437519073486328,
                0.22251096367835999
            ],
            [
                0.7505170106887817,
                0.5302649736404419,
                -0.3943899869918823
            ],
            [
                -0.7505170106887817,
                0.5302649736404419,
                -0.3943899869918823
            ],
            [
                0,
                0.9245688915252686,
                0.38101494312286377
            ],
            [
                0.4884379506111145,
                0.8437519073486328,
                0.22251096367835999
            ],
            [
                0.777337908744812,
                0.5316529273986816,
                -0.3362899720668793
            ],
            [
                0.7573763728141785,
                0.4692562520503998,
                -0.45407021045684814
            ],
            [
                0.5913480520248413,
                0.31871703267097473,
                -0.7407610416412354
            ],
            [
                -0.5849689841270447,
                -0.8044440150260925,
                0.10334999859333038
            ],
            [
                0.01920900121331215,
                -0.6634160876274109,
                -0.7480040788650513
            ],
            [
                -0.6286242008209229,
                -0.6735491752624512,
                0.3887970745563507
            ],
            [
                0.09504295885562897,
                0.4070657789707184,
                0.9084405899047852
            ],
            [
                -0.4120441973209381,
                -0.5367212295532227,
                0.7363083362579346
            ],
            [
                0.6496122479438782,
                -0.5894832611083984,
                -0.48011818528175354
            ],
            [
                0,
                -0.4897621273994446,
                0.871856153011322
            ],
            [
                -0.6496122479438782,
                -0.5894832611083984,
                -0.48011818528175354
            ],
            [
                0.4120441973209381,
                -0.5367212295532227,
                0.7363083362579346
            ],
            [
                -0.09504295885562897,
                0.4070657789707184,
                0.9084405899047852
            ],
            [
                0.6286242008209229,
                -0.6735491752624512,
                0.3887970745563507
            ],
            [
                -0.01920900121331215,
                -0.6634160876274109,
                -0.7480040788650513
            ],
            [
                0.5849689841270447,
                -0.8044440150260925,
                0.10334999859333038
            ]
        ],