{
    "acc_bias": [
        -0.1909,
        -0.09154,
        -0.3926
    ],
    "acc_scale": [
        1.001,
        0.9999,
        0.9981
    ],
    "device_class": "controller",
    "device_pid": 8210,
    "device_serial_number": "LHR-FFDFBD46",
    "device_vid": 10462,
    "gyro_bias": [
        0.002172,
        -0.009266,
        0.01067
    ],
    "gyro_scale": [
        1.0,
        1.0,
        1.0
    ],
    "htcComposeTime": "2016-04-05 18:33:46.637000",
    "lighthouse_config": {
        "channelMap": [
            0,
            1,
            2,
            3,
            4,
            5,
            6,
            7,
            8,
            9,
            10,
            11,
            12,
            13,
            14,
            15,
            16,
            17,
            18,
            19,
            20,
            21,
            22,
            23
        ],
        "modelNormals": [
            [
                -0.5913480520248413,
                0.31871703267097473,
                -0.7407610416412354
            ],
            [
                -0.7573763728141785,
                0.4692562520503998,
                -0.45407021045684814
            ],
            [
                -0.777337908744812,
                0.5316529273986816,
                -0.3362899720668793
            ],
            [
                -0.4884379506111145,
                0.8437519073486328,
                0.22251096367835999
            ],
            [
                0.7505170106887817,
                0.5302649736404419,
                -0.3943899869918823
            ],
            [
                -0.7505170106887817,
                0.5302649736404419,
                -0.3943899869918823
            ],
            [
                0,
                0.9245688915252686,
                0.38101494312286377
            ],
            [
                0.4884379506111145,
                0.8437519073486328,
                0.22251096367835999
            ],
            [
                0.777337908744812,
                0.5316529273986816,
                -0.3362899720668793
            ],
            [
                0.7573763728141785,
                0.4692562520503998,
                -0.45407021045684814
            ],
            [
                0.5913480520248413,
                0.31871703267097473,
                -0.7407610416412354
            ],
            [
                -0.5849689841270447,
                -0.8044440150260925,
                0.10334999859333038
            ],
            [
                0.01920900121331215,
                -0.6634160876274109,
                -0.7480040788650513
            ],
            [
                -0.6286242008209229,
                -0.6735491752624512,
                0.3887970745563507
            ],
            [
                0.09504295885562897,
                0.4070657789707184,
                0.9084405899047852
            ],
            [
                -0.4120441973209381,
                -0.5367212295532227,
                0.7363083362579346
            ],
            [
                0.6496122479438782,
                -0.5894832611083984,
                -0.48011818528175354
            ],
            [
                0,
                -0.4897621273994446,
                0.871856153011322
            ],
            [
                -0.6496122479438782,
                -0.5894832611083984,
                -0.48011818528175354
            ],
            [
                0.4120441973209381,
                -0.5367212295532227,
                0.7363083362579346
            ],
            [
                -0.09504295885562897,
                0.4070657789707184,
                0.9084405899047852
            ],
            [
                0.6286242008209229,
                -0.6735491752624512,
                0.3887970745563507
            ],
            [
                -0.01920900121331215,
                -0.6634160876274109,
                -0.7480040788650513
            ],
            [
                0.5849689841270447,
                -0.8044440150260925,
                0.10334999859333038
            ]
        ],
        "modelPoints": [
            [
                -0.03398039937019348,
                0.07109595835208893,
                -0.02192227728664875
            ],
            [
                -0.03624651953577995,
                0.08972597867250443,
                -0.008164480328559875
            ],
            [
                -0.05270721763372421,
                0.07573202252388,
                0.00797802209854126
            ],
            [
                -0.02711563929915428,
                0.1027907282114029,
                0.03212820738554001
            ],
            [
                -0.029327526688575745,
                0.09467489272356033,
                0.0006681663799099624
            ],
            [
                0.029372194781899452,
                0.09457208216190338,
                0.0007302420563064516
            ],
            [
                0.00020169209165032953,
                0.11077506095170975,
                0.03157632052898407
            ],
            [
                0.027160249650478363,
                0.10263386368751526,
                0.03225111588835716
            ],
            [
                0.052712466567754745,
                0.07570644468069077,
                0.007881537079811096
            ],
            [
                0.036288417875766754,
                0.08959440141916275,
                -0.008062337525188923
            ],
            [
                0.03380899876356125,
                0.0713716596364975,
                -0.022057469934225082
            ],
            [
                -0.031221721321344376,
                0.06509556621313095,
                -0.01642710715532303
            ],
            [
                -0.04543986916542053,
                0.06453045457601547,
                -0.0030714503955096006
            ],
            [
                -0.05195276811718941,
                0.06740250438451767,
                0.01518674474209547
            ],
            [
                -0.04594077914953232,
                0.07767520099878311,
                0.019924912601709366
            ],
            [
                -0.030804406851530075,
                0.09310684353113174,
                0.030838534235954285
            ],
            [
                -0.015292094089090824,
                0.08396709710359573,
                0.022538702934980392
            ],
            [
                0.00012918941501993686,
                0.05583018809556961,
                -0.014029529877007008
            ],
            [
                0.015333236195147038,
                0.08410544693470001,
                0.022174078971147537
            ],
            [
                0.030834512785077095,
                0.09308471530675888,
                0.030503522604703903
            ],
            [
                0.045879483222961426,
                0.07742507755756378,
                0.019811121746897697
            ],
            [
                0.051935214549303055,
                0.06753697991371155,
                0.015467907302081585
            ],
            [
                0.04553017020225525,
                0.0645763948559761,
                -0.0031502735801041126
            ],
            [
                0.03100062720477581,
                0.06500410288572311,
                -0.016719117760658264
            ]
        ]
    },
    "manufacturer": "HTC",
    "mb_serial_number": "42FM163N06140",
    "model_number": "Vive Controller MV",
    "render_model": "vr_controller_vive_1_5",
    "revision": 1,